Assistencia à Saúde;Assistencia odontologica; Assistência de Emergência Móvel;Assistência Farmacêutica;Assistência Jurídica
"Amil Saúde

Site: https://www.amil-plasa.com.br/
Contato: (21) 3528-9303
Abrangência da cobertura: Nacional/Regional";"FHE - Poupex

Site: www.campanhabradescodental.com.br/fhe
Contato: 0800-701-2709";"Sistema de Emergência Móvel (VIDA UTI)

Site: www.vidauti.com.br/aeronautica
Contato: (21) 3528-9303";"Azafe Representações

Site: www.azaferepresentacoes.com.br
Contato: (21) 97182-1535";"Jair Cândido e Advogados Associados

Site: www.jairocandido.adv.br
Contato: 0800-141-861 / 0800-610-066"
"QV Benefícios em Saúde (UNIMED-RIO)

Site:www.qvsaude.com.br/lp
Contato: (21) 2212-1010 (21) 2212-1000
Abrangência da cobertura: Nacional";"Prima Vida

Site: www.primavida.com.br
Contato: (21) 3299-4500 / (21) 3299-4527 / (21) 97165-0437";;;"Tayah Advogados Associados

Site: www.tayah.com.br
Contato: (21) 2111-7757"
"QV Benefícios em Saúde (BLUE-REDE GAMA)

Site: https://materiais.qvsaude.com.br/comaer-blue
Contato: (21) 2212-1010 (21) 2212-1000
Abrangência da cobertura: Nacional";"
Uniodonto Brasil

Site: www.uniodonto.coop.br 
Contato: (11) 5904-4400 / 0800-772-8110";;;"Zairo Lara Filho Advogados

Site: zairolara.adv.br
Contato: (21) 2220-8019
Whatsapp: (21) 98483-5715
Plantão: (21) 98483-5710"
